Developer,Game,Genera,Console
Red Fly Studio,Thor: God of Thunder,Action/Adventure,Wii
Red Fly Studio,Star Wars: The Force Unleashed II,Action/Adventure,Wii
Red Fly Studio,Mushroom Men: The Spore Wars,Action,Wii
Red Fly Studio,Ghostbusters: The Video Game,Action/Adventure,Wii
Red Fly Studio,Food Network: Cook or Be Cooked,Simulation,Wii
Red Fly Studio,Fishing Master World Tour,Sports,Wii
Red Fly Studio,Mushroom Men: Rise of the Fungi,Action/Adventure,Nintendo DS
Red Fly Studio,Ghostbusters: The Video Game,Action/Adventure,Nintendo DS
Retro Studios,Donkey Kong Country Returns,Platformer,Wii
Retro Studios,Metroid Prime Trilogy,First Person Shooter,Wii
Retro Studios,Metroid Prime 3: Corruption,First Person Shooter,Wii
Bluepoint Games,Blast Factor,Shooter,Playstation 3
Bluepoint Games,God of War Collection,Action/Adventure,Playstation 3
BioWare Austin,Star Wars: The Old Republic,MMORPG,Computer
Black Lantern Games,Elmo's A to Zoo Adventure,Edutainment,Wii
Black Lantern Games,Elmo's A to Zoo Adventure,Edutainment,Nintendo DS
Black Lantern Games,Elmo's A to Zoo Adventure,Edutainment,Computer
Black Lantern Games,Cookie's Counting Carnival,Edutainment,Wii
Black Lantern Games,Cookie's Counting Carnival,Edutainment,Nintendo DS
Black Lantern Games,Cookie's Counting Carnival,Edutainment,Computer
Black Lantern Games,Dora's Cooking Club,Party,Nintendo DS
Black Lantern Games,Diego's Build and Rescue,Adventure,Nintendo DS
Black Lantern Games,Zhu Zhu Pets: Wild Bunch,Action,Wii
Black Lantern Games,Dora's Birthday Adventure,Adventure,Nintendo DS
Black Lantern Games,Dora's Birthday Adventure,Adventure,Wii
Black Lantern Games,Dora's Birthday Adventure,Adventure,Computer
Black Lantern Games,Dora's Birthday Adventure,Adventure,Playstation 2
Black Lantern Games,Dora's Birthday Adventure,Adventure,Playstation 3
Black Lantern Games,Dora's Birthday Adventure,Adventure,iPhone
Black Lantern Games,Ben 10: The Rise of Hex,Puzzle,Wii
Black Lantern Games,Ben 10: The Rise of Hex,Puzzle,XBox 360
Black Lantern Games,Agatha Christie: The ABC Murders,Adventure,Nintendo DS
Blazing Lizard,Pirates vs Ninjas Dodgeball,Sports,Wii
Blazing Lizard,Pirates vs Ninjas Dodgeball,Sports,Nintendo DS
Certain Affinity,Halo: Reach,First Person Shooter,XBox 360
Certain Affinity,Call of Duty: Black Ops,First Person Shooter,Nintendo DS
Certain Affinity,Call of Duty: Black Ops,First Person Shooter,Computer
Certain Affinity,Call of Duty: Black Ops,First Person Shooter,Playstation 3
Certain Affinity,Call of Duty: Black Ops,First Person Shooter,Wii
Certain Affinity,Call of Duty: Black Ops,First Person Shooter,XBox 360
Certain Affinity,Call of Duty: World at War,First Person Shooter,Nintendo DS
Certain Affinity,Call of Duty: World at War,First Person Shooter,Computer
Certain Affinity,Call of Duty: World at War,First Person Shooter,Playstation 3
Certain Affinity,Call of Duty: World at War,First Person Shooter,Wii
Certain Affinity,Call of Duty: World at War,First Person Shooter,XBox 360
Edge of Reality,The Sims 3,Simulation,XBox 360
Edge of Reality,The Sims 3,Simulation,Wii
Edge of Reality,The Sims 3,Simulation,Playstation 3
Edge of Reality,The Sims 3,Simulation,Nintendo DS
Edge of Reality,Dragon Age: Origins,RPG,XBox 360
Edge of Reality,Dragon Age: Origins,RPG,Playstation 3
Edge of Reality,The Incredible Hulk,Action,XBox 360
Edge of Reality,The Incredible Hulk,Action,Playstation 3
Edge of Reality,The Incredible Hulk,Action,Playstation 2
Edge of Reality,The Incredible Hulk,Action,Wii
Edge of Reality,The Incredible Hulk,Action,Computer
Ghostfire Games,Helix,Music,Wii
Ghostfire Games,Rage of the Gladiator,Action,Wii
Junction Point Studios (Disney Interactive),Disney's Epic Mickey,Action/Adventure,Wii
Iron Will Games,Ashen Empires,MMORPG,Computer
Iron Will Games,Dransik Classic,MMORPG,Computer
Midnight Studios,The Sims 3,Simulation,XBox 360
Midnight Studios,The Sims 3,Simulation,Playstation 3
Mock Science,Tiki Towers,Puzzle,Wii
Mock Science,Tiki Towers,Puzzle,iPhone
Mock Science,Age of Booty,Party,XBox 360
Mock Science,Age of Booty,Party,Playstation 3
Mock Science,Age of Booty,Party,Computer
Mock Science,Planetstorm,Strategy,Computer
Mock Science,Fairy Godmother Tycoon,Strategy,Computer
Mock Science,Mahjong Garden Deluxe,Mahjong,Computer
Monstrous Company,Guns & Ammo,First Person Shooter,iPhone
Monstrous Company,Entranced,Music,iPhone
Monstrous Company,Boogie Monsters,Music,iPhone
NCsoft Austin,Aion,MMORPG,Computer
NCsoft Austin,Lineage II,MMORPG,Computer
NCsoft Austin,City of Heroes,MMORPG,Computer
Pangea Software,Bugdom 2,Edutainment,iPhone
Pangea Software,Bugdom 2,Edutainment,Computer
Pangea Software,Enigmo Deluxe,Action,iPhone
Pangea Software,Otto Matic,Edutainment,iPhone
Pangea Software,Otto Matic,Edutainment,Computer
Pangea Software,Cro-Mag Rally,Racing,iPhone
Pangea Software,Cro-Mag Rally,Racing,Computer
Pangea Software,Nanosaur 2,Adventure,iPhone
Pangea Software,Billy Frontier,First Person Shooter,iPhone
Pangea Software,Enigmo 2,Action,iPhone
Pangea Software,Enigmo 2,Action,Computer
Pangea Software,Antimatter,Puzzle,iPhone
Panic Button Games,Attack of the Movies 3D,Light Gun,Wii
Panic Button Games,Attack of the Movies 3D,Light Gun,XBox 360
Panic Button Games,Swords,Fighting,Wii
Panic Button Games,We Wish You A Merry Christmas,Action,Wii
Panic Button Games,Go Play Lumberjacks,Simulation,Wii
Playtechtonics,Starport: Galactic Empires,MMORPG,Computer
Renegade Kid,Dementium: The Ward,Horror,Nintendo DS
Renegade Kid,Dementium II,Horror,Nintendo DS
Renegade Kid,Moon,First Person Shooter,Nintendo DS
Renegade Kid,ATV Wild Ride,Racing,Nintendo DS
Renegade Kid,Face Kart: Photo Finish,Racing,Nintendo 3DS
Twisted Pixel Games,Comic Jumper,Action,XBox 360
Twisted Pixel Games,The Maw,Action,XBox 360
Twisted Pixel Games,'Splosion Man,Action,XBox 360
Twisted Pixel Games,Ms. 'Splosion Man,Action,XBox 360
Twisted Pixel Games,The Gunstringer,Action,XBox 360
